code,country,status
IS,Iceland,source-declared-not-validated
GB,United Kingdom,source-declared-not-validated
DK,Denmark,source-declared-not-validated
NO,Norway,source-declared-not-validated
SE,Sweden,source-declared-not-validated
FI,Finland,source-declared-not-validated
DE,Germany,source-declared-not-validated
FR,France,source-declared-not-validated
NL,Netherlands,source-declared-not-validated
AT,Austria,source-declared-not-validated
CH,Switzerland,source-declared-not-validated
IE,Ireland,source-declared-not-validated
PT,Portugal,source-declared-not-validated
ES,Spain,source-declared-not-validated
